User;Text;Date;Tweet Link;Media Links;Reply To;Target;Mentions
@leranore;ENAK BANGET KAAAKKK!!! rasanya mirip butterscotch fore versi lebih strong;2024-02-23T02:07:40.000Z;https://x.com/leranore/status/1760848870383481020;[];@tangocoklatt;@leranore;[]
@Lvavorites;kl beneran seenak itu bs jd opsi kedua dr fore milk butterscotch;2024-02-22T15:27:05.000Z;https://x.com/Lvavorites/status/1760687661692641302;[];@FOODFESS2;@Lvavorites;[]
@SKdeeeeee;Heuuuu pengen coba butterscotch sea salt nya fore Besok lah ya;2024-02-22T11:19:57.000Z;https://x.com/SKdeeeeee/status/1760625470377541881;[];@FOODFESS2;@SKdeeeeee;[]
@yvdi_X;Semua enak terutama penyuka kopi strong. Salah satu kopi lokal yang bikin gw bisa lepas dari Starbucks selain Fore. Cuma Fore kan outletnya ga banyak sedangkan Point ada di hampir seluruh Indomaret.;2024-02-22T10:47:02.000Z;https://x.com/yvdi_X/status/1760617185276481860;[];@FOODFESS2;@yvdi_X;[]
@beautiesthete;hampir ku kira fore jualan mi;2024-02-22T07:55:05.000Z;https://x.com/beautiesthete/status/1760573913011311014;[];@FOODFESS2;@beautiesthete;[]
@caprcrnn;Review matcha fore dong gais, blm prnh dan pgn coba;2024-02-22T06:36:30.000Z;https://x.com/caprcrnn/status/1760554139355128032;[];@FOODFESS2;@caprcrnn;[]
@yoooayi;kalo menurutku fore lebih berasa kopinya. kalo point ini engga terlalu. beda gitu menurutku kak;2024-02-22T06:11:39.000Z;https://x.com/yoooayi/status/1760547882443407396;[];@rocketchikinn_;@yoooayi;[]
@HaHaHiHi_Mu;Daerahku belom ada fore;2024-02-22T05:48:15.000Z;https://x.com/HaHaHiHi_Mu/status/1760541996857675802;[];@FOODFESS2;@HaHaHiHi_Mu;[]
@eskopitiramisu;kapan yaa klaten ada fore;2024-02-22T05:45:46.000Z;https://x.com/eskopitiramisu/status/1760541367791694313;[];@FOODFESS2;@eskopitiramisu;[]
@rocketchikinn_;Kakak udah pernah nyobain yg fore belum? Kalo udah rasanya sama kah?;2024-02-22T04:50:51.000Z;https://x.com/rocketchikinn_/status/1760527550277935372;[];@yoooayi;@rocketchikinn_;[]
@dlnrsgt_;Yg mirip sm butterscoth sea salt nya fore ada gk siii, mo beli fore kejauhan dari kotaku;2024-02-21T18:47:40.000Z;https://x.com/dlnrsgt_/status/1760375753685049698;[];@FOODFESS2;@dlnrsgt_;[]
@mingyuhaechan;mjb not sender, butterscotch sea salt latte nya fore udh paling best dan Juana, lebih enak lagi less sweet;2024-02-21T07:16:26.000Z;https://x.com/mingyuhaechan/status/1760201800911872085;[];@_goldencurry;@mingyuhaechan;[]
@citoyyyy;"agak ke distract, kirain fore, udah mau kaget aja tumbenan fore murah bgt 25rb. ternyata point coffee nder, kalo udah nyobain, share reviewnya yaa:"")";2024-02-19T03:44:43.000Z;https://x.com/citoyyyy/status/1759423744190316804;[];@FOODFESS2;@citoyyyy;[]
@youugonlikethat;akhir2 ini lg suka fore!!!;2024-02-18T14:24:59.000Z;https://x.com/youugonlikethat/status/1759222483511890167;['https://pbs.twimg.com/media/GGoDhKIbAAACZjP?format=jpg&name=900x900'];@FOODFESS2;@youugonlikethat;[]
@jrinfajrin;Enak, ada sepetnya tp lebih ke creamy sih menurut aku, harganya 11-12 sm fore tapi, jd prefer kenangan;2024-02-18T12:45:55.000Z;https://x.com/jrinfajrin/status/1759197553902670316;[];@rhfdhkrtk;@jrinfajrin;[]
@temporarery__;segitu berapaan kak;2024-02-18T09:17:29.000Z;https://x.com/temporarery__/status/1759145096858239355;[];@hxmeko;@temporarery__;[]
@ROOXTBEER;rate dong kopinya tomoro 1-10. aku mau nyoba tapi ragu. masih mentok di fore;2024-02-18T06:37:38.000Z;https://x.com/ROOXTBEER/status/1759104872329425263;[];@FOODFESS2;@ROOXTBEER;[]
@delylaaamv;kakkk aku juga ga begitu suka kopi, aku lg mauu explore matcha2 gitu sih kak. menurutku utk matcha fore yg normal sugar tuh masih manis bgt. kalo di tomoro gimana kak? pahitnya jugaa kerasa bgt gak?;2024-02-18T04:54:40.000Z;https://x.com/delylaaamv/status/1759078956995944772;[];@watermylonee;@delylaaamv;[]
@watermylonee;matcha nya kak? klo matcha aku lebi suka tomoro, klo kopi aku lebi suka fore, klo non coffee kayak coklat dll aku lebi suka tomoro sih. ((aku ga begitu ngerti kopi, tp fore paling pas buatku));2024-02-18T04:51:04.000Z;https://x.com/watermylonee/status/1759078053844795594;[];@delylaaamv;@watermylonee;[]
@delylaaamv;kakkk sama fore enakk mana;2024-02-18T04:48:25.000Z;https://x.com/delylaaamv/status/1759077384350056939;[];@watermylonee;@delylaaamv;[]
@Delinddd;Enak ini atau point cafe, fore?;2024-02-18T04:45:19.000Z;https://x.com/Delinddd/status/1759076606059180205;[];@FOODFESS2;@Delinddd;[]
@biforsytheIII;waktu itu beli americano di fore enak sih nder, ya standar lah, namanya americano ya gitu2 doang rasanya;2024-02-16T07:25:21.000Z;https://x.com/biforsytheIII/status/1758392103066124611;[];@FOODFESS2;@biforsytheIII;[]
@callmendoro;fore tuh beda outlet beda rasa;2024-02-16T07:22:48.000Z;https://x.com/callmendoro/status/1758391463208276007;[];@FOODFESS2;@callmendoro;[]
@Cuankie99;Bisa beli fore tapi otak ga digunain;2024-02-12T11:30:54.000Z;https://x.com/Cuankie99/status/1757004348780065138;[];@FOODFESS2;@Cuankie99;[]
@tataa120304;Aku sekarang minum kopi fore perutnya langsung sakit, padahal enaak sedih gak bisa minum kopi fore lagi;2024-02-12T10:23:08.000Z;https://x.com/tataa120304/status/1756987292005339569;[];@FOODFESS2;@tataa120304;[]
@anotherrins;fore janjiw ga enak mirip susu kedelai;2024-02-12T01:51:46.000Z;https://x.com/anotherrins/status/1756858601631781284;[];@FOODFESS2;@anotherrins;[]
@alowinava;Fore!! Kalau ada blu bayar pake blu, jadi 24k;2024-02-12T01:09:35.000Z;https://x.com/alowinava/status/1756847988725731562;[];@FOODFESS2;@alowinava;[]
@cathrinedblue;caramel praline fore kesukaan ak;2024-02-11T13:07:09.000Z;https://x.com/cathrinedblue/status/1756666180016959780;['https://pbs.twimg.com/media/GGDukd5bgAAUQBC?format=jpg&name=medium'];@FOODFESS2;@cathrinedblue;[]
@win_terinApril;mending fore, atau kopken yg outside matcha latte kak;2024-02-11T13:00:53.000Z;https://x.com/win_terinApril/status/1756664605504618521;[];@FOODFESS2;@win_terinApril;[]
@rangersprite;Aku blm coba fore tapi janjiw b aja, gaada dalem list tp mending tomoro;2024-02-11T12:19:40.000Z;https://x.com/rangersprite/status/1756654229962600949;[];@FOODFESS2;@rangersprite;[]
@ygpalingpasrah;Blm pernah nyoba ngopi di Fore. .. kesian deh gw;2024-02-09T12:28:44.000Z;https://x.com/ygpalingpasrah/status/1755931735819473397;[];@FOODFESS2;@ygpalingpasrah;[]
@ziddiesaf;strbk, tawan, sushi tei, fore;2024-02-07T03:38:15.000Z;https://x.com/ziddiesaf/status/1755073460227977432;[];@FOODFESS2;@ziddiesaf;[]
@nancheonsaieyo;fore wkwkw;2024-02-05T02:42:21.000Z;https://x.com/nancheonsaieyo/status/1754334619166707963;[];@FOODFESS2;@nancheonsaieyo;[]
@itspiscaries;Rasa kopinya ya masuk enak, tp bukan enak banget. Pokoknya kalo aku Tuku masih nomer 1 sih, yg kedua fore;2024-02-03T12:13:25.000Z;https://x.com/itspiscaries/status/1753753555109097543;[];@FOODFESS2;@itspiscaries;[]
@desespereil;ouu kl buat nugas doang mending fore;2024-02-03T12:01:36.000Z;https://x.com/desespereil/status/1753750583608307843;[];@eskampultawarrr;@desespereil;[]
@mmong_gumii;Maaf menurut aku lebih enak ini sama fore daripada starbucks malah;2024-02-03T08:30:42.000Z;https://x.com/mmong_gumii/status/1753697507778121879;[];@FOODFESS2;@mmong_gumii;[]
@petiteveela;Ga enak kopinyaaa tapi untuk minuman seger kek Strawberry Tea lumayan lah karena murce mursida juga. Aku prefer Fore sih.;2024-02-03T07:10:00.000Z;https://x.com/petiteveela/status/1753677196982710610;[];@FOODFESS2;@petiteveela;[]
@itsmeeArin;enakan fore si kalo matcha. fore-sbux-kopken-point-tomoro-janjiw;2024-02-03T07:06:43.000Z;https://x.com/itsmeeArin/status/1753676370432168121;[];@lovlyzse;@itsmeeArin;[]
@Pengabdi_Excel;Monmaap ini overrated menurutku. Lebih suka fore my love!!!!;2024-02-03T05:13:19.000Z;https://x.com/Pengabdi_Excel/status/1753647834384187644;[];@FOODFESS2;@Pengabdi_Excel;[]
@seunyuman;tempatnya enakk pliss pw bangett, tapi buat kopi nya gaa dulu 6/10 tapi kalo buat minuman non coffee kayaknyaa enakk, kataa temenku amann. in my opinion, buat pecinta kopi mending ke fore ajaa;2024-02-03T01:00:34.000Z;https://x.com/seunyuman/status/1753584228766532029;[];@FOODFESS2;@seunyuman;[]
@luckycharm_png;8/10,masih enakan fore atau tuku;2024-02-02T17:37:30.000Z;https://x.com/luckycharm_png/status/1753472727636480350;[];@FOODFESS2;@luckycharm_png;[]
@cwtoxiic;Keju Batagor Teh Ga dua²nya lebih suka fore Cilok Blackforest Ga dua²nya suka mie instant Sate kambing Ice cream Melon Seblak Salad buah Bayam;2024-02-02T06:40:10.000Z;https://x.com/cwtoxiic/status/1753307301002555458;[];@FOODFESS2;@cwtoxiic;[]
@annabelle_rnn;keju ga suka dua2 kopi kopken? soalnya jarang minum janjiw tp lebih suka fore cilok brownies kwetiaw sate ayam gelato semangka baso aci salad sayur both;2024-02-02T06:31:55.000Z;https://x.com/annabelle_rnn/status/1753305227401580767;[];@FOODFESS2;@annabelle_rnn;[]
@httpsandhari;coklat, siomay, teh, gak janjiw gak kopken tapi fore (mff), cilok, brownis, mie goreng, sate ayam, ice cream, semangka, baso aci, salad buah, kangkung.;2024-02-02T06:15:05.000Z;https://x.com/httpsandhari/status/1753300988801519866;[];@FOODFESS2;@httpsandhari;[]
@_aggassi;pagi dagang buah,gorengan,sayur lauk mateng,burjo.buryam.sariroti,roti rumahan Siang:bakso,tahu bulat,klepon Sore ampe mlm:lumpia, Klo mau jajanan yg laen tinggal nyebrang aja(gacoan,pijahat,yosinoya,kopken,fore,hokben,janjiw,kaepsi,mixue,angkringan);2024-02-02T05:57:57.000Z;https://x.com/_aggassi/status/1753296678403317963;[];@FOODFESS2;@_aggassi;[]
@Ardhipedia;Fore itu ads beraps cup, Kak? Ada yang punya daftar menunya? Saya mutasi poin dan kenangan.;2024-01-31T16:12:28.000Z;https://x.com/Ardhipedia/status/1752726550980763939;[];@FOODFESS2;@Ardhipedia;[]
@Redswannnn;Duhh ini fav ku juga. Dah lama ga minum fore jd pengen;2024-01-31T16:11:51.000Z;https://x.com/Redswannnn/status/1752726397360251300;[];@FOODFESS2;@Redswannnn;[]
@stillobs24;Mamaku tipe yg kek gini. And so opposite with my dad. Jd aku selalu cari tengahnya aja, beli martabak ato roti kek breadtalk gitu aja. Pasti dimakan krn gabisa bikin sendiri wkwkwkwkwk kalo bokap mah bisa ditambah sm beliin kopi fore or kopken. Aman dahh hehe;2024-01-31T11:02:33.000Z;https://x.com/stillobs24/status/1752648557017125145;[];@FOODFESS2;@stillobs24;[]
@beyyyiii;jd kangen fore;2024-01-30T03:22:48.000Z;https://x.com/beyyyiii/status/1752170471918096502;[];@FOODFESS2;@beyyyiii;[]
@sicungkring69;Jadi pngen Fore;2024-01-29T10:07:17.000Z;https://x.com/sicungkring69/status/1751909875045789745;[];@FOODFESS2;@sicungkring69;[]
@carratcakke;GW ABIS BELI FORE AAAAAAAA;2024-01-29T09:58:01.000Z;https://x.com/carratcakke/status/1751907541238608261;[];@FOODFESS2;@carratcakke;[]
@orgky25;Fore jauhh;2024-01-29T09:57:13.000Z;https://x.com/orgky25/status/1751907340549578828;[];@FOODFESS2;@orgky25;[]
@eclairshu;belom pernah coba fore;2024-01-29T09:04:22.000Z;https://x.com/eclairshu/status/1751894039383924818;[];@FOODFESS2;@eclairshu;[]
@americanona02;Fore . Duh, dah lama gak beli fore. Pengen berry americanonya;2024-01-29T08:20:34.000Z;https://x.com/americanona02/status/1751883019567427792;[];@FOODFESS2;@americanona02;[]
@nengrayy;sbnrny fore, tp jauh dari rumah, jd milih point yg deket;2024-01-29T07:43:39.000Z;https://x.com/nengrayy/status/1751873725354635555;[];@FOODFESS2;@nengrayy;[]
@trellaoribel;Sejauh ini fore. Sebenernya kopi baper enak2, lebih murah juga, tapi sugar nya gak bisa custom, jadi terlalu manis :( Kalau gak masalah sama terlalu manis atau suka kopi yg manis bisa pilih kopi baper instead of fore;2024-01-29T07:43:11.000Z;https://x.com/trellaoribel/status/1751873609520558133;[];@FOODFESS2;@trellaoribel;[]
@lie2205;Point, fore kemanisan;2024-01-29T07:15:13.000Z;https://x.com/lie2205/status/1751866573600825800;[];@FOODFESS2;@lie2205;[]
@yiejiapsa;Point. Fore mahal dan kecil;2024-01-29T06:58:29.000Z;https://x.com/yiejiapsa/status/1751862359239643303;[];@FOODFESS2;@yiejiapsa;[]
@bacodhehe;fore tp trgantung budget sih…;2024-01-29T06:44:45.000Z;https://x.com/bacodhehe/status/1751858903237672973;[];@FOODFESS2;@bacodhehe;[]
@imourbaee;fore dong, pesennya butterscotch seasalt latte enak bgtt;2024-01-29T06:34:37.000Z;https://x.com/imourbaee/status/1751856356330721384;[];@FOODFESS2;@imourbaee;[]
@HansyahOny;Kopi tuku tapi gak tau namanya pokoknya yg kopsus gula aren Kopi kenangan yang CEO secret Fore yg butterscot sea salt Point coffee yg palm sugar latte dan coklat frappe less sugar;2024-01-28T11:59:25.000Z;https://x.com/HansyahOny/status/1751575704163295240;[];@FOODFESS2;@HansyahOny;[]
@jaemrennist;fore butterscoath sama kopi braun;2024-01-28T11:47:08.000Z;https://x.com/jaemrennist/status/1751572614131397005;[];@FOODFESS2;@jaemrennist;[]
@yumirrae;GAK ADA FOTONYA TP FORE BUTTERCREAM LATTE BEST COFFEE EVAH;2024-01-26T10:44:33.000Z;https://x.com/yumirrae/status/1750832089166135594;[];@FOODFESS2;@yumirrae;[]
@yoursxixi;berartii sertifikasi halal nya ini baru keluar ya ka? soalnya aku ada dm fore nya langsungg;2024-01-25T13:43:05.000Z;https://x.com/yoursxixi/status/1750514631704187357;['https://pbs.twimg.com/media/GEsTxlmagAAmiiY?format=jpg&name=large'];@hi_hello_holla;@yoursxixi;[]
@beautiesthete;dia engga sih kak cuma namanya dan aslinya kopi Irish tuh mengandung wishki, tapi tetep aja walaupun fore bahannya halal kalau namanya irish coffee ga bisa jadi halal ex: gacoan var. mie setan n iblis (sekarang mie var. gacoan n mie suit) biar bisa jd halal;2024-01-25T08:51:07.000Z;https://x.com/beautiesthete/status/1750441154548736361;[];@yoursxixi;@beautiesthete;[]
@clandesticne;Ihh sebel banget deket sini ga ada fore;2024-01-25T04:53:05.000Z;https://x.com/clandesticne/status/1750381252455403803;[];@FOODFESS2;@clandesticne;[]
@kopmilhazelnut;Fore tinggal sedikit;2024-01-25T04:38:12.000Z;https://x.com/kopmilhazelnut/status/1750377506774175800;['https://pbs.twimg.com/media/GEqXD0Xa8AA8WLC?format=jpg&name=medium'];@FOODFESS2;@kopmilhazelnut;[]
@cizzzcaaa;Menyimak rep orangorang agar ketika membeli fore tidak salah pesen;2024-01-24T18:03:19.000Z;https://x.com/cizzzcaaa/status/1750217730559795676;[];@FOODFESS2;@cizzzcaaa;[]
@ForeCoffeeID;Siap Kak, akan kami pertimbangkan ya. Terima kasih atas saran dan masukannya kak. -hp;2024-01-24T09:41:41.000Z;https://x.com/ForeCoffeeID/status/1750091493526683780;[];@sushisites;@ForeCoffeeID;[]
@nabiilaaahh_;enakan mana sama fore?;2024-01-23T13:49:20.000Z;https://x.com/nabiilaaahh_/status/1749791427029332436;[];@FOODFESS2;@nabiilaaahh_;[]
@illassi_;fore yg creamy varian apa sih guys? pen nyoba tapi ga suka yg strong kopinya;2024-01-23T02:24:51.000Z;https://x.com/illassi_/status/1749619171552547099;[];@FOODFESS2;@illassi_;[]
@kimrayyina;Point enak tpi fore juga lebih comfy;2024-01-21T00:23:56.000Z;https://x.com/kimrayyina/status/1748863967911727494;[];@FOODFESS2;@kimrayyina;[]
@zutengs;Samaan. Kalau mau aman, kopsus tetangga aja udah. Djournal aku suka kopi rempahnya, dan kalau sebelahan sama people's cafe enak bisa sambil pesen makan. Fore double shaken latte. Dan apa pun itu selalu mesen no sugar atau less kalau pengen manis. Kalau engga pada manis2 bgt;2024-01-20T14:55:30.000Z;https://x.com/zutengs/status/1748720913892229202;[];@obyun;@zutengs;[]
@rimputlak;Fore plissss. Baru aja tadi minum fore sambil mikir ini pengganti sb*x buat gue, harga lebih murah lagi;2024-01-20T14:52:00.000Z;https://x.com/rimputlak/status/1748720035659735533;[];@FOODFESS2;@rimputlak;[]
@sugaarfrost07;Fore, tomoro, tuku. 3 ini enak kata gw mah dan tergolong udah banyak di mana2. Tempatnya juga banyak yg udah oke;2024-01-20T14:38:24.000Z;https://x.com/sugaarfrost07/status/1748716612243349714;[];@FOODFESS2;@sugaarfrost07;[]
@maunyajungkook;Fore, kenangan, janji jiwa, jco, tomoro coffee, roti o, cafe lokal di daerah lu;2024-01-20T14:12:44.000Z;https://x.com/maunyajungkook/status/1748710152755462152;[];@FOODFESS2;@maunyajungkook;[]
@sunshinedreamie;tomoro & point sih, fore bekum pernah coba tapi katanya enak juga;2024-01-20T14:11:33.000Z;https://x.com/sunshinedreamie/status/1748709854112600084;[];@FOODFESS2;@sunshinedreamie;[]
@mweeoongg;Moso point rasane koyo fore;2024-01-20T13:06:50.000Z;https://x.com/mweeoongg/status/1748693568812658733;[];@sid_vicious07;@mweeoongg;[]
@gyuuucty;tuku, fore, point;2024-01-20T12:57:42.000Z;https://x.com/gyuuucty/status/1748691268102947114;[];@FOODFESS2;@gyuuucty;[]
@pistachiyyo;Tuku, Point coffee, Fore;2024-01-20T12:21:39.000Z;https://x.com/pistachiyyo/status/1748682195978572138;[];@FOODFESS2;@pistachiyyo;[]
@dewinoona_;Tomoro,fore,kopken,janjiw,point;2024-01-20T12:16:09.000Z;https://x.com/dewinoona_/status/1748680814064218530;[];@FOODFESS2;@dewinoona_;[]
@curesccc;point, fore, janjiw;2024-01-20T12:13:15.000Z;https://x.com/curesccc/status/1748680084628918595;[];@FOODFESS2;@curesccc;[]
@ninnapranas;point coffee nderr sumpah enakk fore juga, mana lebih murah lagi;2024-01-20T12:06:11.000Z;https://x.com/ninnapranas/status/1748678306109460700;[];@FOODFESS2;@ninnapranas;[]
@xwulaaan_;Tuku, fore, fam mart, point;2024-01-20T11:35:15.000Z;https://x.com/xwulaaan_/status/1748670518562333028;[];@FOODFESS2;@xwulaaan_;[]
@bukannaget;nescafe classic, klo mau di coffee shop, americano nya fore deh itu strong;2024-01-20T11:11:18.000Z;https://x.com/bukannaget/status/1748664495227162745;[];@FOODFESS2;@bukannaget;[]
@kireisyala;Nescafe zero sugar yg ini. Fore (kopinya biar bukan americano gak tahu knp gak cocok di gw, bikin deg2an) KopKen (kopinya gak cocok di perut, boro2 ngantuk, sakit perut jd melek terus);2024-01-20T10:31:39.000Z;https://x.com/kireisyala/status/1748654515493245341;['https://pbs.twimg.com/media/GER4AwFacAAVQgw?format=jpg&name=900x900'];@FOODFESS2;@kireisyala;[]
@xiaopyi;Aku fore sie, kadang point;2024-01-20T09:55:29.000Z;https://x.com/xiaopyi/status/1748645412658118681;[];@FOODFESS2;@xiaopyi;[]
@kohandini;tuku fore sejauh ini fav aku itu;2024-01-20T09:45:41.000Z;https://x.com/kohandini/status/1748642945249464752;[];@FOODFESS2;@kohandini;[]
@kamiiya_ney;Kalo di jkrt / tnrg, bisa ke Maxx Coffee + Fore + Djournal ...ini juga termasuk yang enak kok + vibes2 nya bener2 cocok kalo buat kerja serius dan gak norak . Kopi nya juga berasa classy;2024-01-20T09:38:32.000Z;https://x.com/kamiiya_ney/status/1748641146426040436;[];@FOODFESS2;@kamiiya_ney;[]
@flaweurin;fore sama point coffee sihh;2024-01-20T09:31:36.000Z;https://x.com/flaweurin/status/1748639402086052200;[];@FOODFESS2;@flaweurin;[]
@xoxoboona;Kopi kenangan, Fore;2024-01-20T09:27:05.000Z;https://x.com/xoxoboona/status/1748638267476705439;[];@FOODFESS2;@xoxoboona;[]
@ylzbr;Tuku, fore, tomoro, kopken,famima. Sejauh ini itu siih favorit w diluar sbux;2024-01-20T09:20:36.000Z;https://x.com/ylzbr/status/1748636632931323927;[];@FOODFESS2;@ylzbr;[]
@theblackcatss;fore, di Bandung daerah DU enak buat nongkrong;2024-01-20T09:00:14.000Z;https://x.com/theblackcatss/status/1748631509551251853;[];@FOODFESS2;@theblackcatss;[]
@mexicomaid;FORE!!!! Enak bgt salt creamnya sama matchanya jg gak kalah kaya sb. Tomoro jg mantep kopinya;2024-01-20T08:59:35.000Z;https://x.com/mexicomaid/status/1748631346107351379;[];@FOODFESS2;@mexicomaid;[]
@spillingdatae;fore sih;2024-01-20T08:10:56.000Z;https://x.com/spillingdatae/status/1748619101566804168;[];@FOODFESS2;@spillingdatae;[]
@irenejakseI;flash coffee, tuku, tomoro, fore;2024-01-20T07:36:06.000Z;https://x.com/irenejakseI/status/1748610335504838885;[];@FOODFESS2;@irenejakseI;[]
@namgilpo;fore enakkk, tempatnya cozy banget;2024-01-20T06:27:43.000Z;https://x.com/namgilpo/status/1748593126867099894;[];@FOODFESS2;@namgilpo;[]
@ethereal_jhyn;calf coffee enak nder, atau fore yang udah ada di mana-mana;2024-01-20T06:09:31.000Z;https://x.com/ethereal_jhyn/status/1748588548465590600;[];@FOODFESS2;@ethereal_jhyn;[]
@mahaeyappers;fore nder sedap betul;2024-01-20T06:05:28.000Z;https://x.com/mahaeyappers/status/1748587526712168864;[];@FOODFESS2;@mahaeyappers;[]
@ayustrisa;tuku sama fore best so far sih;2024-01-20T05:53:07.000Z;https://x.com/ayustrisa/status/1748584418569343210;[];@FOODFESS2;@ayustrisa;[]
@memantaudarija1;Temen2 gw yg tadinya ke sbux sih pindah ke fore nder, kalo ngga bs ke tuku atau tomoro;2024-01-20T05:47:28.000Z;https://x.com/memantaudarija1/status/1748582998482857988;[];@FOODFESS2;@memantaudarija1;[]
@sid_vicious07;fore sm point rasa nya mirp;2024-01-20T05:34:19.000Z;https://x.com/sid_vicious07/status/1748579688799412456;[];@FOODFESS2;@sid_vicious07;[]
@fluffyeleigh;klo lagi di smg ak beli fore klo ga kopi shop lokal. klo di rumah ada kofibru tu jg enak;2024-01-20T05:32:11.000Z;https://x.com/fluffyeleigh/status/1748579150368260482;[];@FOODFESS2;@fluffyeleigh;[]
@sainzeuri;Fore, tuku, point coffe, peskop murah;2024-01-20T05:31:07.000Z;https://x.com/sainzeuri/status/1748578883765756193;[];@FOODFESS2;@sainzeuri;[]
@ineffablethgths;Tuku, fore, tomoro;2024-01-20T05:29:25.000Z;https://x.com/ineffablethgths/status/1748578457444135170;[];@FOODFESS2;@ineffablethgths;[]
@ccaecaecae;fore deket rumahku bisa nongkrong dan wfc hehehe;2024-01-20T05:10:39.000Z;https://x.com/ccaecaecae/status/1748573734624166384;[];@panggiIakusiti;@ccaecaecae;[]
@panggiIakusiti;Fore enakkk bgt sayang gabisa nongkrong:(;2024-01-20T05:03:15.000Z;https://x.com/panggiIakusiti/status/1748571869656003018;[];@ccaecaecae;@panggiIakusiti;[]
@teninufus;coklat pertama yg bikin aku pas minum langsung terharu enak banget sampe ga berenti2 cerita sama org kalo fore enak , sampe disimpen sisanya dikulkas pas diminum lagi masih enak wkwkwk jadinya setiap pulang naik kereta beli mulu yg large.;2024-01-20T04:58:53.000Z;https://x.com/teninufus/status/1748570772472525130;[];@FOODFESS2;@teninufus;[]
@rizkyzna;Fore, ejji, yoi kona, kopi kalyan, zerogram, bagi kopi. Gatau ini ada di banyak kota atau gak tp kalu di sby itu;2024-01-20T04:32:09.000Z;https://x.com/rizkyzna/status/1748564042015551842;[];@FOODFESS2;@rizkyzna;[]
@redv3lv3tc00kie;fore, tuku, point;2024-01-20T04:23:28.000Z;https://x.com/redv3lv3tc00kie/status/1748561860037935473;[];@FOODFESS2;@redv3lv3tc00kie;[]
@orbcsnothemoon;fore atau jco kali;2024-01-20T04:21:29.000Z;https://x.com/orbcsnothemoon/status/1748561361649713553;[];@FOODFESS2;@orbcsnothemoon;[]
@fromeci;Cafe lokal di sekitar mu bisa jadi opsi nder. Fore sama Point coffee juga enak. Kalau mau bikin sendiri lebih hemat, bisa di atur sesuka kita. Kopi bubuk nya coba waringkas. Krimer, gula aren juga banyak dijual dipasaran, susu nya pake oatside aja atau pilih yg fresh milk;2024-01-20T04:19:54.000Z;https://x.com/fromeci/status/1748560961211105783;[];@FOODFESS2;@fromeci;[]
@sedotanslurpee;banyakkk. kalo cari kopi menurutku tuku, fore, sama calf. calf ini kayaknya masih banyak yang belum tauu, tapi enak bangett kopinya menurutku. kalo nyari matcha, tomoro enakk!! dia tipe matcha yang pahittt;2024-01-20T04:11:00.000Z;https://x.com/sedotanslurpee/status/1748558720190275743;[];@FOODFESS2;@sedotanslurpee;[]
@chocopie9994;Kamu dom mana nder, kalo yang umum ya fore, kalo dom solo jogja bisa couvee, kalo dom magelang ada kofibru;2024-01-20T04:04:12.000Z;https://x.com/chocopie9994/status/1748557011070112122;[];@FOODFESS2;@chocopie9994;[]
@thenightingale1;Lgsng kepikiran fore/pointcoffe;2024-01-20T03:54:50.000Z;https://x.com/thenightingale1/status/1748554653904859304;[];@FOODFESS2;@thenightingale1;[]
@ckrismony;fore sm tuku lahh;2024-01-20T03:47:47.000Z;https://x.com/ckrismony/status/1748552879906979921;[];@FOODFESS2;@ckrismony;[]
@chsafff;Fore, tuku, calf, animo. Banyak shay;2024-01-20T03:36:19.000Z;https://x.com/chsafff/status/1748549993114263861;[];@FOODFESS2;@chsafff;[]
@kooflowa;Fore, tuku;2024-01-20T03:33:15.000Z;https://x.com/kooflowa/status/1748549220234367296;[];@FOODFESS2;@kooflowa;[]
@awharuto;POINT COFFEE ATAU FORE KAK, SUMPAH GA KALAH ENAK SAMA SBUX, BAHKAN LEBIH MURAHHH;2024-01-20T03:30:50.000Z;https://x.com/awharuto/status/1748548612060242409;[];@FOODFESS2;@awharuto;[]
@ccaecaecae;tuku dan fore;2024-01-20T03:25:03.000Z;https://x.com/ccaecaecae/status/1748547157274349873;[];@FOODFESS2;@ccaecaecae;[]
@pagesandhyazm;Ga pernah nyoba st4rb4k sih wkwk, karena selama ini ngopi enak2 aja cafe2 lokal kecil di lingkungan sekitar. Tapi kalo nyebut brand, FORE. Biasanya aku janjiw atau kopken tapi setelah melang-lang buana mencari kopi enak akhir2 ini FORE menarik bgt buat aku;2024-01-20T03:17:15.000Z;https://x.com/pagesandhyazm/status/1748545193148809558;[];@FOODFESS2;@pagesandhyazm;[]
@raa_sora;Fore, kopken, dan banyak coffee shop kecil2 itu banyak yg enak krna biasanya owner-nya anak muda yg suka nongkrong;2024-01-20T03:08:07.000Z;https://x.com/raa_sora/status/1748542894464757956;[];@FOODFESS2;@raa_sora;[]
@pbaizhu;Fore, tomoro, tuku;2024-01-20T03:02:27.000Z;https://x.com/pbaizhu/status/1748541469215121829;[];@FOODFESS2;@pbaizhu;[]
@lceonid;banyak nder, yg sering kubeli ya apalagi sering promo janjiw, kopken, fore, lawson, point coffee kl akhir2 ini tomoro trs;2024-01-20T02:55:38.000Z;https://x.com/lceonid/status/1748539756508586409;[];@FOODFESS2;@lceonid;[]
@yellowissacool;fore sih enak dan jauh dibawah sbuxionis harganya;2024-01-20T02:55:26.000Z;https://x.com/yellowissacool/status/1748539704016863655;[];@FOODFESS2;@yellowissacool;[]
@nabilaesthetic;Ini makanya aku suka sekali sama fore, bahkan yg non coffe juga enakk;2024-01-20T02:50:27.000Z;https://x.com/nabilaesthetic/status/1748538451836948972;[];@FOODFESS2;@nabilaesthetic;[]
@rismaylsaf;kalo aku fore, enak nder;2024-01-20T02:43:15.000Z;https://x.com/rismaylsaf/status/1748536637100101914;[];@FOODFESS2;@rismaylsaf;[]
@str0bewrry;fore sih;2024-01-20T02:36:30.000Z;https://x.com/str0bewrry/status/1748534940692820186;[];@FOODFESS2;@str0bewrry;[]
@baiqwindaa;Bisa cobain fore dan point aja nder;2024-01-20T02:17:20.000Z;https://x.com/baiqwindaa/status/1748530116786057560;[];@FOODFESS2;@baiqwindaa;[]
@PemudaGabut_;-Point (juara umum yg cabangnya banyak) -Fore -Djournal -Calf -Tomoro and another local coffeeshop di dom kamu, kalo Bandung dm ajaa aku banyak rekomen yg enak;2024-01-20T02:10:03.000Z;https://x.com/PemudaGabut_/status/1748528284873400343;[];@FOODFESS2;@PemudaGabut_;[]
@proyekmama;Fore lebih enak dari yg diboikot itu.;2024-01-20T02:09:29.000Z;https://x.com/proyekmama/status/1748528141063315877;[];@FOODFESS2;@proyekmama;[]
@ssunflaweer;fore, janjiw, kopken, point coffe. banyak nder coffe shop tuhhhh. kamu dom mana btw;2024-01-20T02:03:21.000Z;https://x.com/ssunflaweer/status/1748526599354675449;[];@FOODFESS2;@ssunflaweer;[]
@hestoongg;Fore kalo ga tomoro;2024-01-20T02:00:56.000Z;https://x.com/hestoongg/status/1748525988483579905;[];@FOODFESS2;@hestoongg;[]
@aonnally;tim fore dari dulu;2024-01-20T01:59:15.000Z;https://x.com/aonnally/status/1748525566696051019;[];@FOODFESS2;@aonnally;[]
@sweetccola;fore, kopken, tuku, point coffee ini sih yg biasa gue minum;2024-01-20T01:47:13.000Z;https://x.com/sweetccola/status/1748522537376534711;[];@FOODFESS2;@sweetccola;[]
@CallCalathea;Fore, Toby's, atau coffee shop indie banyak yg enak kok;2024-01-20T01:03:01.000Z;https://x.com/CallCalathea/status/1748511412727783559;[];@FOODFESS2;@CallCalathea;[]
@huichoux;Point coffee, tuku, kopi kenangan, fore;2024-01-20T00:57:13.000Z;https://x.com/huichoux/status/1748509955861459128;[];@FOODFESS2;@huichoux;[]
@gazllael;Tuku sama fore masih ada;2024-01-20T00:49:29.000Z;https://x.com/gazllael/status/1748508007988638140;[];@FOODFESS2;@gazllael;[]
@sadtan13;Kamu nyari kopi apa tempat nongkrongnya nder? Kalau nyari kopi sih mestinya banyak banget yang lebih enak, Fore sama point coffee sih kalau aku.;2024-01-20T00:45:25.000Z;https://x.com/sadtan13/status/1748506985065283909;[];@FOODFESS2;@sadtan13;[]
@picklestcr;banyak nder, ada point, fore, tuku, kopken, tomoro;2024-01-20T00:41:38.000Z;https://x.com/picklestcr/status/1748506033113505964;[];@FOODFESS2;@picklestcr;[]
@piexsusu;fore sih;2024-01-20T00:36:19.000Z;https://x.com/piexsusu/status/1748504694035533871;[];@FOODFESS2;@piexsusu;[]
@noeljaputra;Fore sihhh;2024-01-20T00:27:24.000Z;https://x.com/noeljaputra/status/1748502451928621372;[];@FOODFESS2;@noeljaputra;[]
@seunyuman;FORE NDER PLISS LEBIHH ENAKK;2024-01-20T00:18:44.000Z;https://x.com/seunyuman/status/1748500269212815833;[];@FOODFESS2;@seunyuman;[]
@chocohazeltea_;Tuku, Arah, Fore, Janji Jiwa, sama Kopi Kenangan;2024-01-19T23:56:01.000Z;https://x.com/chocohazeltea_/status/1748494553844482280;[];@FOODFESS2;@chocohazeltea_;[]
@iniirma51;Fore Tuku Lain hati;2024-01-19T23:48:03.000Z;https://x.com/iniirma51/status/1748492548447076448;[];@FOODFESS2;@iniirma51;[]
@Miranti_92;Kopi saku point , fore yang edisi butterscotch , cloud coffee koppi;2024-01-19T23:32:24.000Z;https://x.com/Miranti_92/status/1748488609043550434;[];@Anakmoodyan;@Miranti_92;[]
@sunvdays;fore sama kopi kenangan sih jagoan;2024-01-19T22:36:55.000Z;https://x.com/sunvdays/status/1748474644565463100;[];@FOODFESS2;@sunvdays;[]
@sveldyy;fore akhir2 ini lg suka sama titik koma;2024-01-19T22:31:10.000Z;https://x.com/sveldyy/status/1748473200206655779;[];@FOODFESS2;@sveldyy;[]
@cornflakws;Fore, flash, kopken, tomoro, tuku (kqtanya enak bgt tp aku blm coba) ayokk nder masi banyak ko;2024-01-19T22:21:05.000Z;https://x.com/cornflakws/status/1748470662136762745;[];@FOODFESS2;@cornflakws;[]
@AQT_Fin;POINT COFFE, Fore, Kopken, Jco, Janji jiwa.;2024-01-19T21:46:55.000Z;https://x.com/AQT_Fin/status/1748462065428406552;[];@FOODFESS2;@AQT_Fin;[]
@bukankecapmanis;Tuku, fore, djournal. Dah paten;2024-01-19T21:36:18.000Z;https://x.com/bukankecapmanis/status/1748459393262485584;[];@FOODFESS2;@bukankecapmanis;[]
@blithessomx;ak skrg tim fore;2024-01-19T20:15:09.000Z;https://x.com/blithessomx/status/1748438969946366296;[];@FOODFESS2;@blithessomx;[]
@sund3light;sejauh ini kebanggaanku FORE sama POINT COFFEE.. tapi janjiw enak jg kok mayan :D;2024-01-19T20:06:02.000Z;https://x.com/sund3light/status/1748436675284664744;[];@FOODFESS2;@sund3light;[]
@roe_endog;fore, poin, makmur jaya, couve;2024-01-19T19:57:18.000Z;https://x.com/roe_endog/status/1748434477800632681;[];@FOODFESS2;@roe_endog;[]
@lelele_ale;Fore , tuku , poin itu top 3 aku;2024-01-19T19:55:38.000Z;https://x.com/lelele_ale/status/1748434057162326026;[];@FOODFESS2;@lelele_ale;[]
@gyeoulbom_;Point coffee, Fore, Tuku, Kopken. Menurutku lbh enak mereka dripada s buxxx;2024-01-19T19:41:08.000Z;https://x.com/gyeoulbom_/status/1748430409409692079;[];@FOODFESS2;@gyeoulbom_;[]
@satongru;Fore cuyyyy enak bgt;2024-01-19T19:40:29.000Z;https://x.com/satongru/status/1748430246972686459;[];@FOODFESS2;@satongru;[]
@chocobooom;fore, kopkem, point menurut aku;2024-01-19T19:40:00.000Z;https://x.com/chocobooom/status/1748430122225697118;[];@FOODFESS2;@chocobooom;[]
@notnuttttt;Fore, point coffee, janjiw, kopi kenangan aku lebih sering di 4 ini nder;2024-01-19T19:29:51.000Z;https://x.com/notnuttttt/status/1748427568334962967;[];@FOODFESS2;@notnuttttt;[]
@notchlapel;Fore sih;2024-01-19T19:27:44.000Z;https://x.com/notchlapel/status/1748427035834515831;[];@FOODFESS2;@notchlapel;[]
@freillaa;FORE!!beli yg butterscotch iniii enaaak bgt;2024-01-19T19:21:39.000Z;https://x.com/freillaa/status/1748425506457059610;['https://pbs.twimg.com/media/GEOnuo3bAAI2vHA?format=jpg&name=900x900'];@FOODFESS2;@freillaa;[]
@starrytsabira;Fore, Point Coffee, Jco. Coba kedai kopi lokal daerahmu barangkali enak juga.. klo di bdg bisa ke Missbee Providore, Fullmoon, Garmelia, Kopi Teko (Jatinangor);2024-01-19T19:03:12.000Z;https://x.com/starrytsabira/status/1748420863136002224;[];@FOODFESS2;@starrytsabira;[]
@recehaneth;Apa ya.. Excelso bisa kalo sukanya kopi yg duarr nendang mata, Fore kalo suka yg lebih light, kalo suka yg tengah2 bisa janji jiwa / kopi kenangan, yg kualitasnya masih suka beda antar gerai 1 sama lainnya kopi point / kopi jadoelnya beanspot;2024-01-19T18:54:11.000Z;https://x.com/recehaneth/status/1748418594671886456;[];@FOODFESS2;@recehaneth;[]
@GaemPSP;Fore enakkkk bangett suka ada promonya jg ko;2024-01-19T18:52:30.000Z;https://x.com/GaemPSP/status/1748418171512750492;[];@FOODFESS2;@GaemPSP;[]
@oranqpusing;Fore, excelso, tuku;2024-01-19T18:50:47.000Z;https://x.com/oranqpusing/status/1748417737976906028;[];@FOODFESS2;@oranqpusing;[]
@pulchritodin0uz;Fore sih;2024-01-19T18:50:40.000Z;https://x.com/pulchritodin0uz/status/1748417708721635636;[];@FOODFESS2;@pulchritodin0uz;[]
@aquavby;banyakk. fore, kopken, point, tomoro, tuku;2024-01-19T18:48:15.000Z;https://x.com/aquavby/status/1748417099851301079;[];@FOODFESS2;@aquavby;[]
@p0tp1e;fore atau ga tuku;2024-01-19T18:47:56.000Z;https://x.com/p0tp1e/status/1748417019148697724;[];@FOODFESS2;@p0tp1e;[]
@macchiatouu;fore sm tuku si must try;2024-01-19T18:47:32.000Z;https://x.com/macchiatouu/status/1748416918573482279;[];@FOODFESS2;@macchiatouu;[]
@obyun;- Tuku Kopi terenak menurut gw, ga tau kenapa suka aja sama kopi di sini - Djournal Coffee Masih banyak yang belum mention ini, padahal rasanya oke banget. Kudu cobain salted caramelnya - Fore Biasa kalo di mall tempatnya cozy enak buat gawe/nongkrong. Menu kesukaan gw iced;2024-01-19T18:47:18.000Z;https://x.com/obyun/status/1748416861451256238;[];@FOODFESS2;@obyun;[]
@annabelle_rnn;FORE ENAKK, pointcoffee jg enak;2024-01-19T18:35:59.000Z;https://x.com/annabelle_rnn/status/1748414014366089314;[];@FOODFESS2;@annabelle_rnn;[]
@toorusamiya;fore enak bgt!!!;2024-01-19T18:35:32.000Z;https://x.com/toorusamiya/status/1748413898959855885;[];@FOODFESS2;@toorusamiya;[]
@cewesukuna;apa? frappe gitu? point cafe enak. kalo kopi enakan fore;2024-01-19T18:34:37.000Z;https://x.com/cewesukuna/status/1748413669480817032;[];@FOODFESS2;@cewesukuna;[]
@iniirma51;Apa termasuk kayak kopi2 di Fore rasanya? Butterscotch/Buttercream gitu;2024-01-19T18:05:31.000Z;https://x.com/iniirma51/status/1748406346272407914;[];@FOODFESS2;@iniirma51;[]
@chocopie9994;Selalu pesen ini kalo ke fore dan minta less sugar;2024-01-19T14:40:47.000Z;https://x.com/chocopie9994/status/1748354822720668137;['https://pbs.twimg.com/media/GENncSEagAARj0X?format=jpg&name=small', 'https://pbs.twimg.com/media/GENncPwbEAA86zs?format=jpg&name=small'];@FOODFESS2;@chocopie9994;[]
@giozaishere;fore emang enak bgtt;2024-01-18T10:38:57.000Z;https://x.com/giozaishere/status/1747931574719615163;[];@FOODFESS2;@giozaishere;[]
@hazel_hzy;fore tetep dihati sih;2024-01-18T03:13:10.000Z;https://x.com/hazel_hzy/status/1747819389997707280;[];@FOODFESS2;@hazel_hzy;[]
@meerathings;Bener bangettt, seneng kalii minum fore;2024-01-18T01:22:00.000Z;https://x.com/meerathings/status/1747791415525208372;[];@FOODFESS2;@meerathings;[]
@dewnope;YaAllah bner2 BM bgt pgn fore;2024-01-17T12:59:10.000Z;https://x.com/dewnope/status/1747604474221519304;[];@FOODFESS2;@dewnope;[]
@ameriken0__;"Ini adalah karena fore punya ""magic"" ternyata emg bener itu pelet nya, dulu bingung kenapa disebut magic, ya ternyata emg magic anjir. Baru ngerti skrg pas udh resign wkwkkwk. Tp jujur fore emg enak sih, R&D nya gak maen2, bangga bgt pernah jd bagian dari perjalanan fore";2024-01-17T12:44:31.000Z;https://x.com/ameriken0__/status/1747600788493373580;[];@FOODFESS2;@ameriken0__;[]
@Ceciliapermataa;tempatku jauh fore jir males;2024-01-17T11:26:12.000Z;https://x.com/Ceciliapermataa/status/1747581079236817059;[];@FOODFESS2;@Ceciliapermataa;[]
@bxhtivr;cup fore yg kecil emg lebih berasa ketimbang yg upsize;2024-01-17T11:23:58.000Z;https://x.com/bxhtivr/status/1747580515992080613;[];@FOODFESS2;@bxhtivr;[]
@Markidy;Iya ehh, knp ya?? Waktu sidang temenku ngasih fore, trs blm ku minum, malem bru kuminum masih enakkk;2024-01-17T10:41:04.000Z;https://x.com/Markidy/status/1747569720705077544;[];@FOODFESS2;@Markidy;[]
@seblakmewek_;Iya ih fore ni esbatu nya jg kya beda cair nya lama gtu;2024-01-17T09:16:28.000Z;https://x.com/seblakmewek_/status/1747548429377740850;[];@FOODFESS2;@seblakmewek_;[]
@j3gramm;IYAKAN NDERRR kenapa ya manisnya masih sama diawal minum lagi huft love fore apalagi kalau diskonan;2024-01-17T08:50:21.000Z;https://x.com/j3gramm/status/1747541856567853435;[];@FOODFESS2;@j3gramm;[]
@nazalakzzrh;Matcha di fore juga enaaaak kata aku;2024-01-17T07:58:04.000Z;https://x.com/nazalakzzrh/status/1747528700059631998;[];@FOODFESS2;@nazalakzzrh;[]
@webofcutie;jadi pengen fore;2024-01-17T07:36:19.000Z;https://x.com/webofcutie/status/1747523227826745727;[];@FOODFESS2;@webofcutie;[]
@sushisites;@ForeCoffeeID bikin di Tegal atau Pekalongan dong masa harus ke semarang dulu kalo lg mau fore T______________T jauh bgt PLEASE;2024-01-17T07:15:40.000Z;https://x.com/sushisites/status/1747518032195527133;[];@FOODFESS2;@sushisites;['ForeCoffeeID']
@sicungkring69;Laah iyaa beneerr wkwk emang favorit fore nih;2024-01-17T07:13:51.000Z;https://x.com/sicungkring69/status/1747517574605353429;[];@FOODFESS2;@sicungkring69;[]
@kuliteijo;Aku gak suka fore. Gelasnya terlalu kecil;2024-01-17T07:04:30.000Z;https://x.com/kuliteijo/status/1747515221273669964;[];@FOODFESS2;@kuliteijo;[]
@romiemocka;Sedih tempatku gada fore;2024-01-17T07:00:01.000Z;https://x.com/romiemocka/status/1747514091479163012;[];@FOODFESS2;@romiemocka;[]
@Moonjin93_;Duuh jadi pengen fore lagi;2024-01-17T06:50:22.000Z;https://x.com/Moonjin93_/status/1747511665212768468;[];@FOODFESS2;@Moonjin93_;[]
@redppaang;saranin fore yg non coffee dong;2024-01-17T06:40:00.000Z;https://x.com/redppaang/status/1747509054963077248;[];@FOODFESS2;@redppaang;[]
@vineyardslv;Fore yg ini enak. Matcha blend. Klo gasuka matcha, strawberry blendnya jg enak https://x.com/vineyards__/status/1715178100101968135?t=RHwt83ztypJmH0ELEZs0Ug&s=19…;2024-01-16T03:46:47.000Z;https://x.com/vineyardslv/status/1747103074920157227;['https://pbs.twimg.com/media/GD70-3NawAAZFWn?format=jpg&name=small', 'https://pbs.twimg.com/media/GD70_KxakAA44PK?format=jpg&name=900x900'];@FOODFESS2;@vineyardslv;[]
@gardagagar;Cromboloni dan mille crepe rasanya biasa aja menurutku. Terus kopi fore butterscotch sea salt latte.;2024-01-16T02:08:14.000Z;https://x.com/gardagagar/status/1747078276278112742;[];@FOODFESS2;@gardagagar;[]
@ubihisak;Fore, sampe pernah bilang : gw abis minum fore kok jd ngrasa agak ecstatic ya, jd kaya mendramatisir romantisasi perasaan sendiri.;2024-01-16T00:41:34.000Z;https://x.com/ubihisak/status/1747056463032487961;[];@FOODFESS2;@ubihisak;[]
@aaanndiiinnnn;fore, point pernah coba kuat sih.. vanilla latte point strong sih;2024-01-15T23:03:52.000Z;https://x.com/aaanndiiinnnn/status/1747031878564299197;[];@FOODFESS2;@aaanndiiinnnn;[]
@khotimskuy;dlu suka beli nescafe, tp stlh boycott dan lebih sering beli kopken/Fore no sugar gua jd ngerasa kopi ginian manis bgt sampe bikin eneg;2024-01-15T19:40:58.000Z;https://x.com/khotimskuy/status/1746980817426108909;[];@FOODFESS2;@khotimskuy;[]
@anwyayy;dark chocolate fore enak nder, minta less sugar&less ice. agak pait2 dikit menurutkuu, mantepp;2024-01-15T13:19:21.000Z;https://x.com/anwyayy/status/1746884779705053539;[];@FOODFESS2;@anwyayy;[]
@Geegalleryofc;Kalo aku as matcha lovers sih g suka walau diganti oatmilk tetep kurang bagi lidah ku. Lebih enakan fore/kopken/point/lawson.;2024-01-15T10:54:18.000Z;https://x.com/Geegalleryofc/status/1746848277268738521;[];@FOODFESS2;@Geegalleryofc;[]
@xeeroses;Kamu harus coba buttercream choco mint nya fore!! Terbaiik ituuu! Kalo mau minuman yg nyegerin cobain hibiscus lychee peach yakult nyaa;2024-01-15T09:24:01.000Z;https://x.com/xeeroses/status/1746825556992364851;[];@FOODFESS2;@xeeroses;[]
@hareontree;Lebih enak kopken sama fore;2024-01-15T05:41:22.000Z;https://x.com/hareontree/status/1746769521959157924;[];@FOODFESS2;@hareontree;[]
@hareontree;Aku nyobain poin ga enak manis banget pdhl udh minta less sugar matchanya g berasa samsek, cobain fore atau kopken kak itu enak matchanya berasa bgt;2024-01-15T05:40:35.000Z;https://x.com/hareontree/status/1746769326383001907;[];@weigys;@hareontree;[]
@nioooooooo;Matcha ya enakan arah coffee. Urutanku arah coffee > fore > kopken > point > janjiw. Banyak yang bilang point coffee enak, tapi ga seenak itu juga. Untuk ukuran matcha kurengggg. Kurang strong lah dibanding yang urutanku itu. Udah beli no sugar tapi dominan susunya;2024-01-15T05:37:36.000Z;https://x.com/nioooooooo/status/1746768574218424448;[];@FOODFESS2;@nioooooooo;[]
@l0v3ppnaravit;jujur msh enak kopken, fore tu kurang rasa matchanya;2024-01-15T05:33:37.000Z;https://x.com/l0v3ppnaravit/status/1746767572509614159;[];@galihrp5095;@l0v3ppnaravit;[]
@galihrp5095;Sama fore enak mana?;2024-01-15T05:23:14.000Z;https://x.com/galihrp5095/status/1746764961999974810;[];@l0v3ppnaravit;@galihrp5095;[]
@emakemaknewbie;Urutan versi aku sih Lawson > Kopken > Point > Fore > janji jiwa;2024-01-15T04:50:53.000Z;https://x.com/emakemaknewbie/status/1746756818775502979;[];@emakemaknewbie;@emakemaknewbie;[]
@coozypeach;enakan fore/kopken, yg janjiw tuh lebih kerasa susunya drpd matchanya;2024-01-15T04:50:39.000Z;https://x.com/coozypeach/status/1746756762018152815;[];@FOODFESS2;@coozypeach;[]
@sveldyy;seperti biasa pengabdi fore;2024-01-15T01:32:59.000Z;https://x.com/sveldyy/status/1746707017417556363;['https://pbs.twimg.com/media/GD2MxJaaUAA92CR?format=jpg&name=medium'];@FOODFESS2;@sveldyy;[]
@parkmoona;sejauh ini enak matcha fore sama point coffee sih nderr;2024-01-14T10:30:06.000Z;https://x.com/parkmoona/status/1746479797830852611;[];@FOODFESS2;@parkmoona;[]
@Sassaql30;Fore nder atau ga indo point;2024-01-13T07:12:56.000Z;https://x.com/Sassaql30/status/1746067792875737273;[];@FOODFESS2;@Sassaql30;[]
@larasdinda;Sebenernya terakhir coffee butterscoth punya fore, tapi ga difoto;2024-01-12T03:50:46.000Z;https://x.com/larasdinda/status/1745654528018653493;['https://pbs.twimg.com/media/GDnPiZqboAAEkM-?format=jpg&name=medium'];@FOODFESS2;@larasdinda;[]
@avocadutt;Alias gatau bingung ujung ujungnya fore lagi fore lagi;2024-01-11T18:11:32.000Z;https://x.com/avocadutt/status/1745508758879658360;[];@avocadutt;@avocadutt;[]
@pacarsuget;Seliweran trs fore.. Jd mau nyoba;2024-01-11T16:31:44.000Z;https://x.com/pacarsuget/status/1745483643513188863;[];@FOODFESS2;@pacarsuget;[]
@wakeasa;Belum nemu itu.. kk mau cobain punya Fore.;2024-01-11T02:39:12.000Z;https://x.com/wakeasa/status/1745274127273861582;[];@a__ayie;@wakeasa;[]
@sanisaa122;Fore udah ada sertif halal nya gak si min??;2024-01-11T00:41:15.000Z;https://x.com/sanisaa122/status/1745244447041040531;[];@FOODFESS2;@sanisaa122;[]
Zara | ig @arz.journal;Aku sering beli fore, kadang ada barista yang udah tau tanpa nyebut nama dulu tapi yg paling apal aku malah bapak parkirnya fore;2024-01-10T15:04:38.000Z;https://x.com/cicaffeine/status/1745099337053745418;[];@FOODFESS2;Zara | ig @arz.journal;[]
@ByeolJageun;GAAAAKKKKK BGT. 2kali beli di bandara. Gk ada wangi2nya. Mana harganya 30an lagi. Mending fore sekalian.;2024-01-10T13:37:34.000Z;https://x.com/ByeolJageun/status/1745077425778639169;[];@komediluca;@ByeolJageun;[]
@badbitcheeez;sampe kebawa mimpii grgr penasaran pgn nyobain tp di kota ku gaada fore:((;2024-01-10T03:31:13.000Z;https://x.com/badbitcheeez/status/1744924831483929043;[];@FOODFESS2;@badbitcheeez;[]
@sitryrti;Aaa jadi pengen fore lagi;2024-01-10T03:18:01.000Z;https://x.com/sitryrti/status/1744921508013912421;[];@FOODFESS2;@sitryrti;[]
@Kleelovers;aku minum fore sejauh ini aman untuk lambungku..cmn gatau selain fore apalg;2024-01-08T13:50:44.000Z;https://x.com/Kleelovers/status/1744355962972975366;[];@Kleelovers;@Kleelovers;[]
@__violetcrazy__;aku pernah cobain sushi tei free sushi bday, fore dpt minuman gratis;2024-01-08T06:32:28.000Z;https://x.com/__violetcrazy__/status/1744245669144179141;[];@FOODFESS2;@__violetcrazy__;[]
@milkytamelon;ini ada rasa kopinya gak? menu non kopi yg enaaak di fore apa sih? recommend dong guysss;2024-01-07T06:21:40.000Z;https://x.com/milkytamelon/status/1743880560551072161;[];@FOODFESS2;@milkytamelon;[]
@cfstntr;Aku belum berani nyoba variant baru fore yg buttercreamnya karna coffee, dan ada yg harus dijaga yaitu gerd, soon mau cobain choco mintnya.;2024-01-06T15:39:30.000Z;https://x.com/cfstntr/status/1743658558338814109;[];@FOODFESS2;@cfstntr;[]
@lalunarie;Bangsat emang fore, enak sih, tapi gw kemarin sore minum butterscotch, ga tidur sampe jam 5 pagi gimana dong, gabisa minum sore2 lagi, kalo ga ntar gw susah tidur... Masa minum pagi2, mana jauh tempatnya apa lagi yg enak tanpa kopi ges;2024-01-06T03:36:17.000Z;https://x.com/lalunarie/status/1743476554162950531;[];@FOODFESS2;@lalunarie;[]
@melankoliac_;Duhhh bm fore blm jga kesampean pdahal deket kantor;2024-01-05T17:52:42.000Z;https://x.com/melankoliac_/status/1743329691325644820;[];@FOODFESS2;@melankoliac_;[]
@dialektif;kenapa fore gada disinii;2024-01-05T17:12:46.000Z;https://x.com/dialektif/status/1743319643425816741;[];@FOODFESS2;@dialektif;[]
@jjuuhmm;baru tau ada choco mint bakal cb bsk kl ke fore lagi;2024-01-05T16:45:33.000Z;https://x.com/jjuuhmm/status/1743312791484891194;[];@FOODFESS2;@jjuuhmm;[]
@dvxooo_;fore emang enak hampir semua menunya enak;2024-01-05T12:41:40.000Z;https://x.com/dvxooo_/status/1743251415135604885;[];@FOODFESS2;@dvxooo_;[]
@moongiideas;Fore tu seenak itu;2024-01-05T12:41:11.000Z;https://x.com/moongiideas/status/1743251296159965655;[];@FOODFESS2;@moongiideas;[]
@Dini_Notria;@AfifahMala perlu dicoba cocomint fore;2024-01-05T12:28:04.000Z;https://x.com/Dini_Notria/status/1743247994936508708;[];@FOODFESS2;@Dini_Notria;['AfifahMala']
@risolayen;Mjb antara tiramisu, seasalt sama chocmint paling enak yg mana? Atau ada deskripsiin bedanya ga? Hehe blm pernah fore;2024-01-05T10:03:54.000Z;https://x.com/risolayen/status/1743211713120596360;[];@bbubiesss;@risolayen;[]
@hearteubinbin;Varian fore emang enak-enak;2024-01-05T09:42:19.000Z;https://x.com/hearteubinbin/status/1743206280486117842;[];@FOODFESS2;@hearteubinbin;[]
@savorycho;adh kangen fore;2024-01-05T09:38:07.000Z;https://x.com/savorycho/status/1743205227149603045;[];@FOODFESS2;@savorycho;[]
@beslaag;tapi cokelat fore tuh emang seenak ituuuu sksksk. cokelat fore + less sugar tuh beuh..... terbaik;2024-01-05T08:43:16.000Z;https://x.com/beslaag/status/1743191422298452060;[];@FOODFESS2;@beslaag;[]
@kinderhazz;baru sekali ke fore krn mau pake voc promonya doang, nyoba buttercream tiramissunya wallahi jd kepengen kesana muluuu karena se enak ituu;2024-01-05T07:40:37.000Z;https://x.com/kinderhazz/status/1743175655850938765;[];@FOODFESS2;@kinderhazz;[]
@aintyourgftype;LOH INI ADMINE TA tp aku cocok di caramel praline sm frappe aja kalo fore wkwkwk;2024-01-05T07:29:36.000Z;https://x.com/aintyourgftype/status/1743172883839664388;[];@FOODFESS2;@aintyourgftype;[]
@ashforlyfe;hari ini lagi coba menu baru(?)nya fore.;2024-01-05T07:25:18.000Z;https://x.com/ashforlyfe/status/1743171800643916255;['https://pbs.twimg.com/media/GDD9gtxakAAvhbf?format=jpg&name=900x900'];@FOODFESS2;@ashforlyfe;[]
@steamedfishes;lagi ada promoan ga ya fore;2024-01-05T07:22:02.000Z;https://x.com/steamedfishes/status/1743170979600421364;[];@FOODFESS2;@steamedfishes;[]
@Misooll;Ini fore atau apa kak?;2024-01-05T02:35:14.000Z;https://x.com/Misooll/status/1743098800942780764;[];@sampahkapital;@Misooll;[]
@pyutrai;Fore aplikasi;2024-01-04T14:24:32.000Z;https://x.com/pyutrai/status/1742914917089652926;[];@FOODFESS2;@pyutrai;[]
@taa_vitaa;Aaahhh yg di sebelah selatannya ya? Bbrp kali mau kesana tp pas sampai sana beloknya ke fore lagi fore lagi;2024-01-03T07:57:03.000Z;https://x.com/taa_vitaa/status/1742455015045050715;[];@saltedsoya;@taa_vitaa;[]
@akumaucoba;Bagiku enak tuku, fore (pandan latte);2024-01-01T17:34:29.000Z;https://x.com/akumaucoba/status/1741875553328943435;[];@FOODFESS2;@akumaucoba;[]
@tictactwoooo;Nder, mo nanya dong kalo minuman yang coklat-coklat gitu di fore yang enak apa aja yaa?;2024-01-01T11:09:15.000Z;https://x.com/tictactwoooo/status/1741778607016649129;[];@FOODFESS2;@tictactwoooo;[]
@kotakbahagiaan;fore enaaaa.. Dulu waktu dikantor lama, kebetulan deket mall, hampir tiap hari beli fore wkwk;2024-01-01T06:32:28.000Z;https://x.com/kotakbahagiaan/status/1741708951320940941;[];@FOODFESS2;@kotakbahagiaan;[]
@yuesiecloud;fore bisaa turun harga ngga klo ngga itu promo goceng dehh;2024-01-01T05:23:17.000Z;https://x.com/yuesiecloud/status/1741691544183439663;[];@FOODFESS2;@yuesiecloud;[]
@cieeekepoyaaa98;Tim matcha green tea sm classic milo setiap beli di fore . Sebenernya yg rasa caramel macchiato enak sih tp buat opsi terakhir kalau lg ke pengen aja.;2024-01-01T01:49:09.000Z;https://x.com/cieeekepoyaaa98/status/1741637652791853431;[];@FOODFESS2;@cieeekepoyaaa98;[]
@_clafthecat;Fore ada dark choco?m;2024-01-01T01:05:54.000Z;https://x.com/_clafthecat/status/1741626771894947995;[];@FOODFESS2;@_clafthecat;[]
@noturkall;Sumpah iya aku cuma ke fore beli kopi sama toast trus kerja, pulang ,tidur;2024-01-01T00:41:31.000Z;https://x.com/noturkall/status/1741620635611410738;[];@hoppwie;@noturkall;[]
